--env SAMPLE	--input FASTQ1	--input FASTQ2	--output-recursive OUTPUT_DIR	--input-recursive REFERENCE
SRR1918705	s3://friend1ws-virginia-ecsub2/sra-toolkit/SRR1918705/SRR1918705_1.fastq	s3://friend1ws-virginia-ecsub2/sra-toolkit/SRR1918705/SRR1918705_2.fastq	s3://friend1ws-virginia-ecsub2/star/SRR1918705	s3://genomon-bucket/_GRCh37/reference/GRCh37.STAR-2.5.2a
SRR1918706	s3://friend1ws-virginia-ecsub2/sra-toolkit/SRR1918706/SRR1918706_1.fastq	s3://friend1ws-virginia-ecsub2/sra-toolkit/SRR1918706/SRR1918706_2.fastq	s3://friend1ws-virginia-ecsub2/star/SRR1918706	s3://genomon-bucket/_GRCh37/reference/GRCh37.STAR-2.5.2a
SRR628583	s3://friend1ws-virginia-ecsub2/sra-toolkit/SRR628583/SRR628583_1.fastq	s3://friend1ws-virginia-ecsub2/sra-toolkit/SRR628583/SRR628583_2.fastq	s3://friend1ws-virginia-ecsub2/star/SRR628583	s3://genomon-bucket/_GRCh37/reference/GRCh37.STAR-2.5.2a
SRR2313066	s3://friend1ws-virginia-ecsub2/sra-toolkit/SRR2313066/SRR2313066_1.fastq	s3://friend1ws-virginia-ecsub2/sra-toolkit/SRR2313066/SRR2313066_2.fastq	s3://friend1ws-virginia-ecsub2/star/SRR2313066	s3://genomon-bucket/_GRCh37/reference/GRCh37.STAR-2.5.2a
SRR1608704	s3://friend1ws-virginia-ecsub2/sra-toolkit/SRR1608704/SRR1608704_1.fastq	s3://friend1ws-virginia-ecsub2/sra-toolkit/SRR1608704/SRR1608704_2.fastq	s3://friend1ws-virginia-ecsub2/star/SRR1608704	s3://genomon-bucket/_GRCh37/reference/GRCh37.STAR-2.5.2a
SRR1608712	s3://friend1ws-virginia-ecsub2/sra-toolkit/SRR1608712/SRR1608712_1.fastq	s3://friend1ws-virginia-ecsub2/sra-toolkit/SRR1608712/SRR1608712_2.fastq	s3://friend1ws-virginia-ecsub2/star/SRR1608712	s3://genomon-bucket/_GRCh37/reference/GRCh37.STAR-2.5.2a
SRR2313063	s3://friend1ws-virginia-ecsub2/sra-toolkit/SRR2313063/SRR2313063_1.fastq	s3://friend1ws-virginia-ecsub2/sra-toolkit/SRR2313063/SRR2313063_2.fastq	s3://friend1ws-virginia-ecsub2/star/SRR2313063	s3://genomon-bucket/_GRCh37/reference/GRCh37.STAR-2.5.2a
SRR1608664	s3://friend1ws-virginia-ecsub2/sra-toolkit/SRR1608664/SRR1608664_1.fastq	s3://friend1ws-virginia-ecsub2/sra-toolkit/SRR1608664/SRR1608664_2.fastq	s3://friend1ws-virginia-ecsub2/star/SRR1608664	s3://genomon-bucket/_GRCh37/reference/GRCh37.STAR-2.5.2a
SRR1608702	s3://friend1ws-virginia-ecsub2/sra-toolkit/SRR1608702/SRR1608702_1.fastq	s3://friend1ws-virginia-ecsub2/sra-toolkit/SRR1608702/SRR1608702_2.fastq	s3://friend1ws-virginia-ecsub2/star/SRR1608702	s3://genomon-bucket/_GRCh37/reference/GRCh37.STAR-2.5.2a
SRR1608703	s3://friend1ws-virginia-ecsub2/sra-toolkit/SRR1608703/SRR1608703_1.fastq	s3://friend1ws-virginia-ecsub2/sra-toolkit/SRR1608703/SRR1608703_2.fastq	s3://friend1ws-virginia-ecsub2/star/SRR1608703	s3://genomon-bucket/_GRCh37/reference/GRCh37.STAR-2.5.2a
SRR1608701	s3://friend1ws-virginia-ecsub2/sra-toolkit/SRR1608701/SRR1608701_1.fastq	s3://friend1ws-virginia-ecsub2/sra-toolkit/SRR1608701/SRR1608701_2.fastq	s3://friend1ws-virginia-ecsub2/star/SRR1608701	s3://genomon-bucket/_GRCh37/reference/GRCh37.STAR-2.5.2a
SRR1608710	s3://friend1ws-virginia-ecsub2/sra-toolkit/SRR1608710/SRR1608710_1.fastq	s3://friend1ws-virginia-ecsub2/sra-toolkit/SRR1608710/SRR1608710_2.fastq	s3://friend1ws-virginia-ecsub2/star/SRR1608710	s3://genomon-bucket/_GRCh37/reference/GRCh37.STAR-2.5.2a
SRR1608662	s3://friend1ws-virginia-ecsub2/sra-toolkit/SRR1608662/SRR1608662_1.fastq	s3://friend1ws-virginia-ecsub2/sra-toolkit/SRR1608662/SRR1608662_2.fastq	s3://friend1ws-virginia-ecsub2/star/SRR1608662	s3://genomon-bucket/_GRCh37/reference/GRCh37.STAR-2.5.2a
SRR1608670	s3://friend1ws-virginia-ecsub2/sra-toolkit/SRR1608670/SRR1608670_1.fastq	s3://friend1ws-virginia-ecsub2/sra-toolkit/SRR1608670/SRR1608670_2.fastq	s3://friend1ws-virginia-ecsub2/star/SRR1608670	s3://genomon-bucket/_GRCh37/reference/GRCh37.STAR-2.5.2a
SRR1608672	s3://friend1ws-virginia-ecsub2/sra-toolkit/SRR1608672/SRR1608672_1.fastq	s3://friend1ws-virginia-ecsub2/sra-toolkit/SRR1608672/SRR1608672_2.fastq	s3://friend1ws-virginia-ecsub2/star/SRR1608672	s3://genomon-bucket/_GRCh37/reference/GRCh37.STAR-2.5.2a
SRR1908923	s3://friend1ws-virginia-ecsub2/sra-toolkit/SRR1908923/SRR1908923_1.fastq	s3://friend1ws-virginia-ecsub2/sra-toolkit/SRR1908923/SRR1908923_2.fastq	s3://friend1ws-virginia-ecsub2/star/SRR1908923	s3://genomon-bucket/_GRCh37/reference/GRCh37.STAR-2.5.2a
SRR1660309	s3://friend1ws-virginia-ecsub2/sra-toolkit/SRR1660309/SRR1660309_1.fastq	s3://friend1ws-virginia-ecsub2/sra-toolkit/SRR1660309/SRR1660309_2.fastq	s3://friend1ws-virginia-ecsub2/star/SRR1660309	s3://genomon-bucket/_GRCh37/reference/GRCh37.STAR-2.5.2a
SRR628582	s3://friend1ws-virginia-ecsub2/sra-toolkit/SRR628582/SRR628582_1.fastq	s3://friend1ws-virginia-ecsub2/sra-toolkit/SRR628582/SRR628582_2.fastq	s3://friend1ws-virginia-ecsub2/star/SRR628582	s3://genomon-bucket/_GRCh37/reference/GRCh37.STAR-2.5.2a
SRR1660313	s3://friend1ws-virginia-ecsub2/sra-toolkit/SRR1660313/SRR1660313_1.fastq	s3://friend1ws-virginia-ecsub2/sra-toolkit/SRR1660313/SRR1660313_2.fastq	s3://friend1ws-virginia-ecsub2/star/SRR1660313	s3://genomon-bucket/_GRCh37/reference/GRCh37.STAR-2.5.2a
SRR628584	s3://friend1ws-virginia-ecsub2/sra-toolkit/SRR628584/SRR628584_1.fastq	s3://friend1ws-virginia-ecsub2/sra-toolkit/SRR628584/SRR628584_2.fastq	s3://friend1ws-virginia-ecsub2/star/SRR628584	s3://genomon-bucket/_GRCh37/reference/GRCh37.STAR-2.5.2a
SRR1608709	s3://friend1ws-virginia-ecsub2/sra-toolkit/SRR1608709/SRR1608709_1.fastq	s3://friend1ws-virginia-ecsub2/sra-toolkit/SRR1608709/SRR1608709_2.fastq	s3://friend1ws-virginia-ecsub2/star/SRR1608709	s3://genomon-bucket/_GRCh37/reference/GRCh37.STAR-2.5.2a
SRR1608669	s3://friend1ws-virginia-ecsub2/sra-toolkit/SRR1608669/SRR1608669_1.fastq	s3://friend1ws-virginia-ecsub2/sra-toolkit/SRR1608669/SRR1608669_2.fastq	s3://friend1ws-virginia-ecsub2/star/SRR1608669	s3://genomon-bucket/_GRCh37/reference/GRCh37.STAR-2.5.2a
SRR1660312	s3://friend1ws-virginia-ecsub2/sra-toolkit/SRR1660312/SRR1660312_1.fastq	s3://friend1ws-virginia-ecsub2/sra-toolkit/SRR1660312/SRR1660312_2.fastq	s3://friend1ws-virginia-ecsub2/star/SRR1660312	s3://genomon-bucket/_GRCh37/reference/GRCh37.STAR-2.5.2a
SRR1608661	s3://friend1ws-virginia-ecsub2/sra-toolkit/SRR1608661/SRR1608661_1.fastq	s3://friend1ws-virginia-ecsub2/sra-toolkit/SRR1608661/SRR1608661_2.fastq	s3://friend1ws-virginia-ecsub2/star/SRR1608661	s3://genomon-bucket/_GRCh37/reference/GRCh37.STAR-2.5.2a
SRR1608671	s3://friend1ws-virginia-ecsub2/sra-toolkit/SRR1608671/SRR1608671_1.fastq	s3://friend1ws-virginia-ecsub2/sra-toolkit/SRR1608671/SRR1608671_2.fastq	s3://friend1ws-virginia-ecsub2/star/SRR1608671	s3://genomon-bucket/_GRCh37/reference/GRCh37.STAR-2.5.2a
SRR1916279	s3://friend1ws-virginia-ecsub2/sra-toolkit/SRR1916279/SRR1916279_1.fastq	s3://friend1ws-virginia-ecsub2/sra-toolkit/SRR1916279/SRR1916279_2.fastq	s3://friend1ws-virginia-ecsub2/star/SRR1916279	s3://genomon-bucket/_GRCh37/reference/GRCh37.STAR-2.5.2a
SRR1608711	s3://friend1ws-virginia-ecsub2/sra-toolkit/SRR1608711/SRR1608711_1.fastq	s3://friend1ws-virginia-ecsub2/sra-toolkit/SRR1608711/SRR1608711_2.fastq	s3://friend1ws-virginia-ecsub2/star/SRR1608711	s3://genomon-bucket/_GRCh37/reference/GRCh37.STAR-2.5.2a
SRR1608663	s3://friend1ws-virginia-ecsub2/sra-toolkit/SRR1608663/SRR1608663_1.fastq	s3://friend1ws-virginia-ecsub2/sra-toolkit/SRR1608663/SRR1608663_2.fastq	s3://friend1ws-virginia-ecsub2/star/SRR1608663	s3://genomon-bucket/_GRCh37/reference/GRCh37.STAR-2.5.2a
SRR1916278	s3://friend1ws-virginia-ecsub2/sra-toolkit/SRR1916278/SRR1916278_1.fastq	s3://friend1ws-virginia-ecsub2/sra-toolkit/SRR1916278/SRR1916278_2.fastq	s3://friend1ws-virginia-ecsub2/star/SRR1916278	s3://genomon-bucket/_GRCh37/reference/GRCh37.STAR-2.5.2a
SRR2313099	s3://friend1ws-virginia-ecsub2/sra-toolkit/SRR2313099/SRR2313099_1.fastq	s3://friend1ws-virginia-ecsub2/sra-toolkit/SRR2313099/SRR2313099_2.fastq	s3://friend1ws-virginia-ecsub2/star/SRR2313099	s3://genomon-bucket/_GRCh37/reference/GRCh37.STAR-2.5.2a
SRR1908916	s3://friend1ws-virginia-ecsub2/sra-toolkit/SRR1908916/SRR1908916_1.fastq	s3://friend1ws-virginia-ecsub2/sra-toolkit/SRR1908916/SRR1908916_2.fastq	s3://friend1ws-virginia-ecsub2/star/SRR1908916	s3://genomon-bucket/_GRCh37/reference/GRCh37.STAR-2.5.2a
SRR1916277	s3://friend1ws-virginia-ecsub2/sra-toolkit/SRR1916277/SRR1916277_1.fastq	s3://friend1ws-virginia-ecsub2/sra-toolkit/SRR1916277/SRR1916277_2.fastq	s3://friend1ws-virginia-ecsub2/star/SRR1916277	s3://genomon-bucket/_GRCh37/reference/GRCh37.STAR-2.5.2a
SRR1660310	s3://friend1ws-virginia-ecsub2/sra-toolkit/SRR1660310/SRR1660310_1.fastq	s3://friend1ws-virginia-ecsub2/sra-toolkit/SRR1660310/SRR1660310_2.fastq	s3://friend1ws-virginia-ecsub2/star/SRR1660310	s3://genomon-bucket/_GRCh37/reference/GRCh37.STAR-2.5.2a
SRR2313101	s3://friend1ws-virginia-ecsub2/sra-toolkit/SRR2313101/SRR2313101_1.fastq	s3://friend1ws-virginia-ecsub2/sra-toolkit/SRR2313101/SRR2313101_2.fastq	s3://friend1ws-virginia-ecsub2/star/SRR2313101	s3://genomon-bucket/_GRCh37/reference/GRCh37.STAR-2.5.2a
SRR1660311	s3://friend1ws-virginia-ecsub2/sra-toolkit/SRR1660311/SRR1660311_1.fastq	s3://friend1ws-virginia-ecsub2/sra-toolkit/SRR1660311/SRR1660311_2.fastq	s3://friend1ws-virginia-ecsub2/star/SRR1660311	s3://genomon-bucket/_GRCh37/reference/GRCh37.STAR-2.5.2a
SRR1908917	s3://friend1ws-virginia-ecsub2/sra-toolkit/SRR1908917/SRR1908917_1.fastq	s3://friend1ws-virginia-ecsub2/sra-toolkit/SRR1908917/SRR1908917_2.fastq	s3://friend1ws-virginia-ecsub2/star/SRR1908917	s3://genomon-bucket/_GRCh37/reference/GRCh37.STAR-2.5.2a
SRR2313100	s3://friend1ws-virginia-ecsub2/sra-toolkit/SRR2313100/SRR2313100_1.fastq	s3://friend1ws-virginia-ecsub2/sra-toolkit/SRR2313100/SRR2313100_2.fastq	s3://friend1ws-virginia-ecsub2/star/SRR2313100	s3://genomon-bucket/_GRCh37/reference/GRCh37.STAR-2.5.2a
SRR2313067	s3://friend1ws-virginia-ecsub2/sra-toolkit/SRR2313067/SRR2313067_1.fastq	s3://friend1ws-virginia-ecsub2/sra-toolkit/SRR2313067/SRR2313067_2.fastq	s3://friend1ws-virginia-ecsub2/star/SRR2313067	s3://genomon-bucket/_GRCh37/reference/GRCh37.STAR-2.5.2a
SRR1660308	s3://friend1ws-virginia-ecsub2/sra-toolkit/SRR1660308/SRR1660308_1.fastq	s3://friend1ws-virginia-ecsub2/sra-toolkit/SRR1660308/SRR1660308_2.fastq	s3://friend1ws-virginia-ecsub2/star/SRR1660308	s3://genomon-bucket/_GRCh37/reference/GRCh37.STAR-2.5.2a
SRR1918744	s3://friend1ws-virginia-ecsub2/sra-toolkit/SRR1918744/SRR1918744_1.fastq	s3://friend1ws-virginia-ecsub2/sra-toolkit/SRR1918744/SRR1918744_2.fastq	s3://friend1ws-virginia-ecsub2/star/SRR1918744	s3://genomon-bucket/_GRCh37/reference/GRCh37.STAR-2.5.2a
SRR1918743	s3://friend1ws-virginia-ecsub2/sra-toolkit/SRR1918743/SRR1918743_1.fastq	s3://friend1ws-virginia-ecsub2/sra-toolkit/SRR1918743/SRR1918743_2.fastq	s3://friend1ws-virginia-ecsub2/star/SRR1918743	s3://genomon-bucket/_GRCh37/reference/GRCh37.STAR-2.5.2a
SRR2313064	s3://friend1ws-virginia-ecsub2/sra-toolkit/SRR2313064/SRR2313064_1.fastq	s3://friend1ws-virginia-ecsub2/sra-toolkit/SRR2313064/SRR2313064_2.fastq	s3://friend1ws-virginia-ecsub2/star/SRR2313064	s3://genomon-bucket/_GRCh37/reference/GRCh37.STAR-2.5.2a
SRR1660314	s3://friend1ws-virginia-ecsub2/sra-toolkit/SRR1660314/SRR1660314_1.fastq	s3://friend1ws-virginia-ecsub2/sra-toolkit/SRR1660314/SRR1660314_2.fastq	s3://friend1ws-virginia-ecsub2/star/SRR1660314	s3://genomon-bucket/_GRCh37/reference/GRCh37.STAR-2.5.2a
SRR2313093	s3://friend1ws-virginia-ecsub2/sra-toolkit/SRR2313093/SRR2313093_1.fastq	s3://friend1ws-virginia-ecsub2/sra-toolkit/SRR2313093/SRR2313093_2.fastq	s3://friend1ws-virginia-ecsub2/star/SRR2313093	s3://genomon-bucket/_GRCh37/reference/GRCh37.STAR-2.5.2a
SRR2313069	s3://friend1ws-virginia-ecsub2/sra-toolkit/SRR2313069/SRR2313069_1.fastq	s3://friend1ws-virginia-ecsub2/sra-toolkit/SRR2313069/SRR2313069_2.fastq	s3://friend1ws-virginia-ecsub2/star/SRR2313069	s3://genomon-bucket/_GRCh37/reference/GRCh37.STAR-2.5.2a
SRR2313095	s3://friend1ws-virginia-ecsub2/sra-toolkit/SRR2313095/SRR2313095_1.fastq	s3://friend1ws-virginia-ecsub2/sra-toolkit/SRR2313095/SRR2313095_2.fastq	s3://friend1ws-virginia-ecsub2/star/SRR2313095	s3://genomon-bucket/_GRCh37/reference/GRCh37.STAR-2.5.2a
SRR2313094	s3://friend1ws-virginia-ecsub2/sra-toolkit/SRR2313094/SRR2313094_1.fastq	s3://friend1ws-virginia-ecsub2/sra-toolkit/SRR2313094/SRR2313094_2.fastq	s3://friend1ws-virginia-ecsub2/star/SRR2313094	s3://genomon-bucket/_GRCh37/reference/GRCh37.STAR-2.5.2a
SRR2313068	s3://friend1ws-virginia-ecsub2/sra-toolkit/SRR2313068/SRR2313068_1.fastq	s3://friend1ws-virginia-ecsub2/sra-toolkit/SRR2313068/SRR2313068_2.fastq	s3://friend1ws-virginia-ecsub2/star/SRR2313068	s3://genomon-bucket/_GRCh37/reference/GRCh37.STAR-2.5.2a
SRR1608699	s3://friend1ws-virginia-ecsub2/sra-toolkit/SRR1608699/SRR1608699_1.fastq	s3://friend1ws-virginia-ecsub2/sra-toolkit/SRR1608699/SRR1608699_2.fastq	s3://friend1ws-virginia-ecsub2/star/SRR1608699	s3://genomon-bucket/_GRCh37/reference/GRCh37.STAR-2.5.2a
SRR1660315	s3://friend1ws-virginia-ecsub2/sra-toolkit/SRR1660315/SRR1660315_1.fastq	s3://friend1ws-virginia-ecsub2/sra-toolkit/SRR1660315/SRR1660315_2.fastq	s3://friend1ws-virginia-ecsub2/star/SRR1660315	s3://genomon-bucket/_GRCh37/reference/GRCh37.STAR-2.5.2a
SRR1908920	s3://friend1ws-virginia-ecsub2/sra-toolkit/SRR1908920/SRR1908920_1.fastq	s3://friend1ws-virginia-ecsub2/sra-toolkit/SRR1908920/SRR1908920_2.fastq	s3://friend1ws-virginia-ecsub2/star/SRR1908920	s3://genomon-bucket/_GRCh37/reference/GRCh37.STAR-2.5.2a
SRR1608698	s3://friend1ws-virginia-ecsub2/sra-toolkit/SRR1608698/SRR1608698_1.fastq	s3://friend1ws-virginia-ecsub2/sra-toolkit/SRR1608698/SRR1608698_2.fastq	s3://friend1ws-virginia-ecsub2/star/SRR1608698	s3://genomon-bucket/_GRCh37/reference/GRCh37.STAR-2.5.2a
SRR1608700	s3://friend1ws-virginia-ecsub2/sra-toolkit/SRR1608700/SRR1608700_1.fastq	s3://friend1ws-virginia-ecsub2/sra-toolkit/SRR1608700/SRR1608700_2.fastq	s3://friend1ws-virginia-ecsub2/star/SRR1608700	s3://genomon-bucket/_GRCh37/reference/GRCh37.STAR-2.5.2a
SRR2313085	s3://friend1ws-virginia-ecsub2/sra-toolkit/SRR2313085/SRR2313085_1.fastq	s3://friend1ws-virginia-ecsub2/sra-toolkit/SRR2313085/SRR2313085_2.fastq	s3://friend1ws-virginia-ecsub2/star/SRR2313085	s3://genomon-bucket/_GRCh37/reference/GRCh37.STAR-2.5.2a
SRR1608697	s3://friend1ws-virginia-ecsub2/sra-toolkit/SRR1608697/SRR1608697_1.fastq	s3://friend1ws-virginia-ecsub2/sra-toolkit/SRR1608697/SRR1608697_2.fastq	s3://friend1ws-virginia-ecsub2/star/SRR1608697	s3://genomon-bucket/_GRCh37/reference/GRCh37.STAR-2.5.2a
SRR1608668	s3://friend1ws-virginia-ecsub2/sra-toolkit/SRR1608668/SRR1608668_1.fastq	s3://friend1ws-virginia-ecsub2/sra-toolkit/SRR1608668/SRR1608668_2.fastq	s3://friend1ws-virginia-ecsub2/star/SRR1608668	s3://genomon-bucket/_GRCh37/reference/GRCh37.STAR-2.5.2a
SRR2313084	s3://friend1ws-virginia-ecsub2/sra-toolkit/SRR2313084/SRR2313084_1.fastq	s3://friend1ws-virginia-ecsub2/sra-toolkit/SRR2313084/SRR2313084_2.fastq	s3://friend1ws-virginia-ecsub2/star/SRR2313084	s3://genomon-bucket/_GRCh37/reference/GRCh37.STAR-2.5.2a
SRR2313065	s3://friend1ws-virginia-ecsub2/sra-toolkit/SRR2313065/SRR2313065_1.fastq	s3://friend1ws-virginia-ecsub2/sra-toolkit/SRR2313065/SRR2313065_2.fastq	s3://friend1ws-virginia-ecsub2/star/SRR2313065	s3://genomon-bucket/_GRCh37/reference/GRCh37.STAR-2.5.2a
SRR2313106	s3://friend1ws-virginia-ecsub2/sra-toolkit/SRR2313106/SRR2313106_1.fastq	s3://friend1ws-virginia-ecsub2/sra-toolkit/SRR2313106/SRR2313106_2.fastq	s3://friend1ws-virginia-ecsub2/star/SRR2313106	s3://genomon-bucket/_GRCh37/reference/GRCh37.STAR-2.5.2a
SRR2313107	s3://friend1ws-virginia-ecsub2/sra-toolkit/SRR2313107/SRR2313107_1.fastq	s3://friend1ws-virginia-ecsub2/sra-toolkit/SRR2313107/SRR2313107_2.fastq	s3://friend1ws-virginia-ecsub2/star/SRR2313107	s3://genomon-bucket/_GRCh37/reference/GRCh37.STAR-2.5.2a
SRR2313105	s3://friend1ws-virginia-ecsub2/sra-toolkit/SRR2313105/SRR2313105_1.fastq	s3://friend1ws-virginia-ecsub2/sra-toolkit/SRR2313105/SRR2313105_2.fastq	s3://friend1ws-virginia-ecsub2/star/SRR2313105	s3://genomon-bucket/_GRCh37/reference/GRCh37.STAR-2.5.2a
SRR1608665	s3://friend1ws-virginia-ecsub2/sra-toolkit/SRR1608665/SRR1608665_1.fastq	s3://friend1ws-virginia-ecsub2/sra-toolkit/SRR1608665/SRR1608665_2.fastq	s3://friend1ws-virginia-ecsub2/star/SRR1608665	s3://genomon-bucket/_GRCh37/reference/GRCh37.STAR-2.5.2a
SRR1608706	s3://friend1ws-virginia-ecsub2/sra-toolkit/SRR1608706/SRR1608706_1.fastq	s3://friend1ws-virginia-ecsub2/sra-toolkit/SRR1608706/SRR1608706_2.fastq	s3://friend1ws-virginia-ecsub2/star/SRR1608706	s3://genomon-bucket/_GRCh37/reference/GRCh37.STAR-2.5.2a
SRR1608666	s3://friend1ws-virginia-ecsub2/sra-toolkit/SRR1608666/SRR1608666_1.fastq	s3://friend1ws-virginia-ecsub2/sra-toolkit/SRR1608666/SRR1608666_2.fastq	s3://friend1ws-virginia-ecsub2/star/SRR1608666	s3://genomon-bucket/_GRCh37/reference/GRCh37.STAR-2.5.2a
SRR1608708	s3://friend1ws-virginia-ecsub2/sra-toolkit/SRR1608708/SRR1608708_1.fastq	s3://friend1ws-virginia-ecsub2/sra-toolkit/SRR1608708/SRR1608708_2.fastq	s3://friend1ws-virginia-ecsub2/star/SRR1608708	s3://genomon-bucket/_GRCh37/reference/GRCh37.STAR-2.5.2a
SRR1608667	s3://friend1ws-virginia-ecsub2/sra-toolkit/SRR1608667/SRR1608667_1.fastq	s3://friend1ws-virginia-ecsub2/sra-toolkit/SRR1608667/SRR1608667_2.fastq	s3://friend1ws-virginia-ecsub2/star/SRR1608667	s3://genomon-bucket/_GRCh37/reference/GRCh37.STAR-2.5.2a
SRR2313109	s3://friend1ws-virginia-ecsub2/sra-toolkit/SRR2313109/SRR2313109_1.fastq	s3://friend1ws-virginia-ecsub2/sra-toolkit/SRR2313109/SRR2313109_2.fastq	s3://friend1ws-virginia-ecsub2/star/SRR2313109	s3://genomon-bucket/_GRCh37/reference/GRCh37.STAR-2.5.2a
SRR2313079	s3://friend1ws-virginia-ecsub2/sra-toolkit/SRR2313079/SRR2313079_1.fastq	s3://friend1ws-virginia-ecsub2/sra-toolkit/SRR2313079/SRR2313079_2.fastq	s3://friend1ws-virginia-ecsub2/star/SRR2313079	s3://genomon-bucket/_GRCh37/reference/GRCh37.STAR-2.5.2a
SRR2313110	s3://friend1ws-virginia-ecsub2/sra-toolkit/SRR2313110/SRR2313110_1.fastq	s3://friend1ws-virginia-ecsub2/sra-toolkit/SRR2313110/SRR2313110_2.fastq	s3://friend1ws-virginia-ecsub2/star/SRR2313110	s3://genomon-bucket/_GRCh37/reference/GRCh37.STAR-2.5.2a
SRR1608659	s3://friend1ws-virginia-ecsub2/sra-toolkit/SRR1608659/SRR1608659_1.fastq	s3://friend1ws-virginia-ecsub2/sra-toolkit/SRR1608659/SRR1608659_2.fastq	s3://friend1ws-virginia-ecsub2/star/SRR1608659	s3://genomon-bucket/_GRCh37/reference/GRCh37.STAR-2.5.2a
SRR2313080	s3://friend1ws-virginia-ecsub2/sra-toolkit/SRR2313080/SRR2313080_1.fastq	s3://friend1ws-virginia-ecsub2/sra-toolkit/SRR2313080/SRR2313080_2.fastq	s3://friend1ws-virginia-ecsub2/star/SRR2313080	s3://genomon-bucket/_GRCh37/reference/GRCh37.STAR-2.5.2a
SRR2313083	s3://friend1ws-virginia-ecsub2/sra-toolkit/SRR2313083/SRR2313083_1.fastq	s3://friend1ws-virginia-ecsub2/sra-toolkit/SRR2313083/SRR2313083_2.fastq	s3://friend1ws-virginia-ecsub2/star/SRR2313083	s3://genomon-bucket/_GRCh37/reference/GRCh37.STAR-2.5.2a
SRR628589	s3://friend1ws-virginia-ecsub2/sra-toolkit/SRR628589/SRR628589_1.fastq	s3://friend1ws-virginia-ecsub2/sra-toolkit/SRR628589/SRR628589_2.fastq	s3://friend1ws-virginia-ecsub2/star/SRR628589	s3://genomon-bucket/_GRCh37/reference/GRCh37.STAR-2.5.2a
SRR1608660	s3://friend1ws-virginia-ecsub2/sra-toolkit/SRR1608660/SRR1608660_1.fastq	s3://friend1ws-virginia-ecsub2/sra-toolkit/SRR1608660/SRR1608660_2.fastq	s3://friend1ws-virginia-ecsub2/star/SRR1608660	s3://genomon-bucket/_GRCh37/reference/GRCh37.STAR-2.5.2a
SRR1608707	s3://friend1ws-virginia-ecsub2/sra-toolkit/SRR1608707/SRR1608707_1.fastq	s3://friend1ws-virginia-ecsub2/sra-toolkit/SRR1608707/SRR1608707_2.fastq	s3://friend1ws-virginia-ecsub2/star/SRR1608707	s3://genomon-bucket/_GRCh37/reference/GRCh37.STAR-2.5.2a
SRR2313082	s3://friend1ws-virginia-ecsub2/sra-toolkit/SRR2313082/SRR2313082_1.fastq	s3://friend1ws-virginia-ecsub2/sra-toolkit/SRR2313082/SRR2313082_2.fastq	s3://friend1ws-virginia-ecsub2/star/SRR2313082	s3://genomon-bucket/_GRCh37/reference/GRCh37.STAR-2.5.2a
ERR329514	s3://friend1ws-virginia-ecsub2/sra-toolkit/ERR329514/ERR329514_1.fastq	s3://friend1ws-virginia-ecsub2/sra-toolkit/ERR329514/ERR329514_2.fastq	s3://friend1ws-virginia-ecsub2/star/ERR329514	s3://genomon-bucket/_GRCh37/reference/GRCh37.STAR-2.5.2a
SRR1608705	s3://friend1ws-virginia-ecsub2/sra-toolkit/SRR1608705/SRR1608705_1.fastq	s3://friend1ws-virginia-ecsub2/sra-toolkit/SRR1608705/SRR1608705_2.fastq	s3://friend1ws-virginia-ecsub2/star/SRR1608705	s3://genomon-bucket/_GRCh37/reference/GRCh37.STAR-2.5.2a
SRR2313108	s3://friend1ws-virginia-ecsub2/sra-toolkit/SRR2313108/SRR2313108_1.fastq	s3://friend1ws-virginia-ecsub2/sra-toolkit/SRR2313108/SRR2313108_2.fastq	s3://friend1ws-virginia-ecsub2/star/SRR2313108	s3://genomon-bucket/_GRCh37/reference/GRCh37.STAR-2.5.2a
SRR1608657	s3://friend1ws-virginia-ecsub2/sra-toolkit/SRR1608657/SRR1608657_1.fastq	s3://friend1ws-virginia-ecsub2/sra-toolkit/SRR1608657/SRR1608657_2.fastq	s3://friend1ws-virginia-ecsub2/star/SRR1608657	s3://genomon-bucket/_GRCh37/reference/GRCh37.STAR-2.5.2a
SRR1918594	s3://friend1ws-virginia-ecsub2/sra-toolkit/SRR1918594/SRR1918594_1.fastq	s3://friend1ws-virginia-ecsub2/sra-toolkit/SRR1918594/SRR1918594_2.fastq	s3://friend1ws-virginia-ecsub2/star/SRR1918594	s3://genomon-bucket/_GRCh37/reference/GRCh37.STAR-2.5.2a
SRR2313088	s3://friend1ws-virginia-ecsub2/sra-toolkit/SRR2313088/SRR2313088_1.fastq	s3://friend1ws-virginia-ecsub2/sra-toolkit/SRR2313088/SRR2313088_2.fastq	s3://friend1ws-virginia-ecsub2/star/SRR2313088	s3://genomon-bucket/_GRCh37/reference/GRCh37.STAR-2.5.2a
SRR1608658	s3://friend1ws-virginia-ecsub2/sra-toolkit/SRR1608658/SRR1608658_1.fastq	s3://friend1ws-virginia-ecsub2/sra-toolkit/SRR1608658/SRR1608658_2.fastq	s3://friend1ws-virginia-ecsub2/star/SRR1608658	s3://genomon-bucket/_GRCh37/reference/GRCh37.STAR-2.5.2a
SRR1918593	s3://friend1ws-virginia-ecsub2/sra-toolkit/SRR1918593/SRR1918593_1.fastq	s3://friend1ws-virginia-ecsub2/sra-toolkit/SRR1918593/SRR1918593_2.fastq	s3://friend1ws-virginia-ecsub2/star/SRR1918593	s3://genomon-bucket/_GRCh37/reference/GRCh37.STAR-2.5.2a
SRR1908922	s3://friend1ws-virginia-ecsub2/sra-toolkit/SRR1908922/SRR1908922_1.fastq	s3://friend1ws-virginia-ecsub2/sra-toolkit/SRR1908922/SRR1908922_2.fastq	s3://friend1ws-virginia-ecsub2/star/SRR1908922	s3://genomon-bucket/_GRCh37/reference/GRCh37.STAR-2.5.2a
SRR1105617	s3://friend1ws-virginia-ecsub2/sra-toolkit/SRR1105617/SRR1105617_1.fastq	s3://friend1ws-virginia-ecsub2/sra-toolkit/SRR1105617/SRR1105617_2.fastq	s3://friend1ws-virginia-ecsub2/star/SRR1105617	s3://genomon-bucket/_GRCh37/reference/GRCh37.STAR-2.5.2a
SRR2313087	s3://friend1ws-virginia-ecsub2/sra-toolkit/SRR2313087/SRR2313087_1.fastq	s3://friend1ws-virginia-ecsub2/sra-toolkit/SRR2313087/SRR2313087_2.fastq	s3://friend1ws-virginia-ecsub2/star/SRR2313087	s3://genomon-bucket/_GRCh37/reference/GRCh37.STAR-2.5.2a
SRR1663263	s3://friend1ws-virginia-ecsub2/sra-toolkit/SRR1663263/SRR1663263_1.fastq	s3://friend1ws-virginia-ecsub2/sra-toolkit/SRR1663263/SRR1663263_2.fastq	s3://friend1ws-virginia-ecsub2/star/SRR1663263	s3://genomon-bucket/_GRCh37/reference/GRCh37.STAR-2.5.2a
SRR2313081	s3://friend1ws-virginia-ecsub2/sra-toolkit/SRR2313081/SRR2313081_1.fastq	s3://friend1ws-virginia-ecsub2/sra-toolkit/SRR2313081/SRR2313081_2.fastq	s3://friend1ws-virginia-ecsub2/star/SRR2313081	s3://genomon-bucket/_GRCh37/reference/GRCh37.STAR-2.5.2a
SRR2313086	s3://friend1ws-virginia-ecsub2/sra-toolkit/SRR2313086/SRR2313086_1.fastq	s3://friend1ws-virginia-ecsub2/sra-toolkit/SRR2313086/SRR2313086_2.fastq	s3://friend1ws-virginia-ecsub2/star/SRR2313086	s3://genomon-bucket/_GRCh37/reference/GRCh37.STAR-2.5.2a
SRR2313076	s3://friend1ws-virginia-ecsub2/sra-toolkit/SRR2313076/SRR2313076_1.fastq	s3://friend1ws-virginia-ecsub2/sra-toolkit/SRR2313076/SRR2313076_2.fastq	s3://friend1ws-virginia-ecsub2/star/SRR2313076	s3://genomon-bucket/_GRCh37/reference/GRCh37.STAR-2.5.2a
SRR1814061	s3://friend1ws-virginia-ecsub2/sra-toolkit/SRR1814061/SRR1814061_1.fastq	s3://friend1ws-virginia-ecsub2/sra-toolkit/SRR1814061/SRR1814061_2.fastq	s3://friend1ws-virginia-ecsub2/star/SRR1814061	s3://genomon-bucket/_GRCh37/reference/GRCh37.STAR-2.5.2a
SRR791048	s3://friend1ws-virginia-ecsub2/sra-toolkit/SRR791048/SRR791048_1.fastq	s3://friend1ws-virginia-ecsub2/sra-toolkit/SRR791048/SRR791048_2.fastq	s3://friend1ws-virginia-ecsub2/star/SRR791048	s3://genomon-bucket/_GRCh37/reference/GRCh37.STAR-2.5.2a
SRR1105607	s3://friend1ws-virginia-ecsub2/sra-toolkit/SRR1105607/SRR1105607_1.fastq	s3://friend1ws-virginia-ecsub2/sra-toolkit/SRR1105607/SRR1105607_2.fastq	s3://friend1ws-virginia-ecsub2/star/SRR1105607	s3://genomon-bucket/_GRCh37/reference/GRCh37.STAR-2.5.2a
SRR2097520	s3://friend1ws-virginia-ecsub2/sra-toolkit/SRR2097520/SRR2097520_1.fastq	s3://friend1ws-virginia-ecsub2/sra-toolkit/SRR2097520/SRR2097520_2.fastq	s3://friend1ws-virginia-ecsub2/star/SRR2097520	s3://genomon-bucket/_GRCh37/reference/GRCh37.STAR-2.5.2a
ERR329521	s3://friend1ws-virginia-ecsub2/sra-toolkit/ERR329521/ERR329521_1.fastq	s3://friend1ws-virginia-ecsub2/sra-toolkit/ERR329521/ERR329521_2.fastq	s3://friend1ws-virginia-ecsub2/star/ERR329521	s3://genomon-bucket/_GRCh37/reference/GRCh37.STAR-2.5.2a
SRR1105608	s3://friend1ws-virginia-ecsub2/sra-toolkit/SRR1105608/SRR1105608_1.fastq	s3://friend1ws-virginia-ecsub2/sra-toolkit/SRR1105608/SRR1105608_2.fastq	s3://friend1ws-virginia-ecsub2/star/SRR1105608	s3://genomon-bucket/_GRCh37/reference/GRCh37.STAR-2.5.2a
ERR329515	s3://friend1ws-virginia-ecsub2/sra-toolkit/ERR329515/ERR329515_1.fastq	s3://friend1ws-virginia-ecsub2/sra-toolkit/ERR329515/ERR329515_2.fastq	s3://friend1ws-virginia-ecsub2/star/ERR329515	s3://genomon-bucket/_GRCh37/reference/GRCh37.STAR-2.5.2a
SRR1663239	s3://friend1ws-virginia-ecsub2/sra-toolkit/SRR1663239/SRR1663239_1.fastq	s3://friend1ws-virginia-ecsub2/sra-toolkit/SRR1663239/SRR1663239_2.fastq	s3://friend1ws-virginia-ecsub2/star/SRR1663239	s3://genomon-bucket/_GRCh37/reference/GRCh37.STAR-2.5.2a
ERR412877	s3://friend1ws-virginia-ecsub2/sra-toolkit/ERR412877/ERR412877_1.fastq	s3://friend1ws-virginia-ecsub2/sra-toolkit/ERR412877/ERR412877_2.fastq	s3://friend1ws-virginia-ecsub2/star/ERR412877	s3://genomon-bucket/_GRCh37/reference/GRCh37.STAR-2.5.2a
SRR1556222	s3://friend1ws-virginia-ecsub2/sra-toolkit/SRR1556222/SRR1556222_1.fastq	s3://friend1ws-virginia-ecsub2/sra-toolkit/SRR1556222/SRR1556222_2.fastq	s3://friend1ws-virginia-ecsub2/star/SRR1556222	s3://genomon-bucket/_GRCh37/reference/GRCh37.STAR-2.5.2a
SRR620162	s3://friend1ws-virginia-ecsub2/sra-toolkit/SRR620162/SRR620162_1.fastq	s3://friend1ws-virginia-ecsub2/sra-toolkit/SRR620162/SRR620162_2.fastq	s3://friend1ws-virginia-ecsub2/star/SRR620162	s3://genomon-bucket/_GRCh37/reference/GRCh37.STAR-2.5.2a
SRR834577	s3://friend1ws-virginia-ecsub2/sra-toolkit/SRR834577/SRR834577_1.fastq	s3://friend1ws-virginia-ecsub2/sra-toolkit/SRR834577/SRR834577_2.fastq	s3://friend1ws-virginia-ecsub2/star/SRR834577	s3://genomon-bucket/_GRCh37/reference/GRCh37.STAR-2.5.2a
SRR2313077	s3://friend1ws-virginia-ecsub2/sra-toolkit/SRR2313077/SRR2313077_1.fastq	s3://friend1ws-virginia-ecsub2/sra-toolkit/SRR2313077/SRR2313077_2.fastq	s3://friend1ws-virginia-ecsub2/star/SRR2313077	s3://genomon-bucket/_GRCh37/reference/GRCh37.STAR-2.5.2a
ERR329505	s3://friend1ws-virginia-ecsub2/sra-toolkit/ERR329505/ERR329505_1.fastq	s3://friend1ws-virginia-ecsub2/sra-toolkit/ERR329505/ERR329505_2.fastq	s3://friend1ws-virginia-ecsub2/star/ERR329505	s3://genomon-bucket/_GRCh37/reference/GRCh37.STAR-2.5.2a
ERR329513	s3://friend1ws-virginia-ecsub2/sra-toolkit/ERR329513/ERR329513_1.fastq	s3://friend1ws-virginia-ecsub2/sra-toolkit/ERR329513/ERR329513_2.fastq	s3://friend1ws-virginia-ecsub2/star/ERR329513	s3://genomon-bucket/_GRCh37/reference/GRCh37.STAR-2.5.2a
SRR2313103	s3://friend1ws-virginia-ecsub2/sra-toolkit/SRR2313103/SRR2313103_1.fastq	s3://friend1ws-virginia-ecsub2/sra-toolkit/SRR2313103/SRR2313103_2.fastq	s3://friend1ws-virginia-ecsub2/star/SRR2313103	s3://genomon-bucket/_GRCh37/reference/GRCh37.STAR-2.5.2a
SRR2313102	s3://friend1ws-virginia-ecsub2/sra-toolkit/SRR2313102/SRR2313102_1.fastq	s3://friend1ws-virginia-ecsub2/sra-toolkit/SRR2313102/SRR2313102_2.fastq	s3://friend1ws-virginia-ecsub2/star/SRR2313102	s3://genomon-bucket/_GRCh37/reference/GRCh37.STAR-2.5.2a
SRR620164	s3://friend1ws-virginia-ecsub2/sra-toolkit/SRR620164/SRR620164_1.fastq	s3://friend1ws-virginia-ecsub2/sra-toolkit/SRR620164/SRR620164_2.fastq	s3://friend1ws-virginia-ecsub2/star/SRR620164	s3://genomon-bucket/_GRCh37/reference/GRCh37.STAR-2.5.2a
SRR650431	s3://friend1ws-virginia-ecsub2/sra-toolkit/SRR650431/SRR650431_1.fastq	s3://friend1ws-virginia-ecsub2/sra-toolkit/SRR650431/SRR650431_2.fastq	s3://friend1ws-virginia-ecsub2/star/SRR650431	s3://genomon-bucket/_GRCh37/reference/GRCh37.STAR-2.5.2a
SRR2313104	s3://friend1ws-virginia-ecsub2/sra-toolkit/SRR2313104/SRR2313104_1.fastq	s3://friend1ws-virginia-ecsub2/sra-toolkit/SRR2313104/SRR2313104_2.fastq	s3://friend1ws-virginia-ecsub2/star/SRR2313104	s3://genomon-bucket/_GRCh37/reference/GRCh37.STAR-2.5.2a
SRR1663211	s3://friend1ws-virginia-ecsub2/sra-toolkit/SRR1663211/SRR1663211_1.fastq	s3://friend1ws-virginia-ecsub2/sra-toolkit/SRR1663211/SRR1663211_2.fastq	s3://friend1ws-virginia-ecsub2/star/SRR1663211	s3://genomon-bucket/_GRCh37/reference/GRCh37.STAR-2.5.2a
SRR650430	s3://friend1ws-virginia-ecsub2/sra-toolkit/SRR650430/SRR650430_1.fastq	s3://friend1ws-virginia-ecsub2/sra-toolkit/SRR650430/SRR650430_2.fastq	s3://friend1ws-virginia-ecsub2/star/SRR650430	s3://genomon-bucket/_GRCh37/reference/GRCh37.STAR-2.5.2a
SRR522120	s3://friend1ws-virginia-ecsub2/sra-toolkit/SRR522120/SRR522120_1.fastq	s3://friend1ws-virginia-ecsub2/sra-toolkit/SRR522120/SRR522120_2.fastq	s3://friend1ws-virginia-ecsub2/star/SRR522120	s3://genomon-bucket/_GRCh37/reference/GRCh37.STAR-2.5.2a
ERR329504	s3://friend1ws-virginia-ecsub2/sra-toolkit/ERR329504/ERR329504_1.fastq	s3://friend1ws-virginia-ecsub2/sra-toolkit/ERR329504/ERR329504_2.fastq	s3://friend1ws-virginia-ecsub2/star/ERR329504	s3://genomon-bucket/_GRCh37/reference/GRCh37.STAR-2.5.2a
SRR2305491	s3://friend1ws-virginia-ecsub2/sra-toolkit/SRR2305491/SRR2305491_1.fastq	s3://friend1ws-virginia-ecsub2/sra-toolkit/SRR2305491/SRR2305491_2.fastq	s3://friend1ws-virginia-ecsub2/star/SRR2305491	s3://genomon-bucket/_GRCh37/reference/GRCh37.STAR-2.5.2a
ERR329519	s3://friend1ws-virginia-ecsub2/sra-toolkit/ERR329519/ERR329519_1.fastq	s3://friend1ws-virginia-ecsub2/sra-toolkit/ERR329519/ERR329519_2.fastq	s3://friend1ws-virginia-ecsub2/star/ERR329519	s3://genomon-bucket/_GRCh37/reference/GRCh37.STAR-2.5.2a
SRR2144310	s3://friend1ws-virginia-ecsub2/sra-toolkit/SRR2144310/SRR2144310_1.fastq	s3://friend1ws-virginia-ecsub2/sra-toolkit/SRR2144310/SRR2144310_2.fastq	s3://friend1ws-virginia-ecsub2/star/SRR2144310	s3://genomon-bucket/_GRCh37/reference/GRCh37.STAR-2.5.2a
SRR1663236	s3://friend1ws-virginia-ecsub2/sra-toolkit/SRR1663236/SRR1663236_1.fastq	s3://friend1ws-virginia-ecsub2/sra-toolkit/SRR1663236/SRR1663236_2.fastq	s3://friend1ws-virginia-ecsub2/star/SRR1663236	s3://genomon-bucket/_GRCh37/reference/GRCh37.STAR-2.5.2a
SRR1974982	s3://friend1ws-virginia-ecsub2/sra-toolkit/SRR1974982/SRR1974982_1.fastq	s3://friend1ws-virginia-ecsub2/sra-toolkit/SRR1974982/SRR1974982_2.fastq	s3://friend1ws-virginia-ecsub2/star/SRR1974982	s3://genomon-bucket/_GRCh37/reference/GRCh37.STAR-2.5.2a
SRR2144280	s3://friend1ws-virginia-ecsub2/sra-toolkit/SRR2144280/SRR2144280_1.fastq	s3://friend1ws-virginia-ecsub2/sra-toolkit/SRR2144280/SRR2144280_2.fastq	s3://friend1ws-virginia-ecsub2/star/SRR2144280	s3://genomon-bucket/_GRCh37/reference/GRCh37.STAR-2.5.2a
SRR893068	s3://friend1ws-virginia-ecsub2/sra-toolkit/SRR893068/SRR893068_1.fastq	s3://friend1ws-virginia-ecsub2/sra-toolkit/SRR893068/SRR893068_2.fastq	s3://friend1ws-virginia-ecsub2/star/SRR893068	s3://genomon-bucket/_GRCh37/reference/GRCh37.STAR-2.5.2a
SRR1663212	s3://friend1ws-virginia-ecsub2/sra-toolkit/SRR1663212/SRR1663212_1.fastq	s3://friend1ws-virginia-ecsub2/sra-toolkit/SRR1663212/SRR1663212_2.fastq	s3://friend1ws-virginia-ecsub2/star/SRR1663212	s3://genomon-bucket/_GRCh37/reference/GRCh37.STAR-2.5.2a
SRR893070	s3://friend1ws-virginia-ecsub2/sra-toolkit/SRR893070/SRR893070_1.fastq	s3://friend1ws-virginia-ecsub2/sra-toolkit/SRR893070/SRR893070_2.fastq	s3://friend1ws-virginia-ecsub2/star/SRR893070	s3://genomon-bucket/_GRCh37/reference/GRCh37.STAR-2.5.2a
SRR620165	s3://friend1ws-virginia-ecsub2/sra-toolkit/SRR620165/SRR620165_1.fastq	s3://friend1ws-virginia-ecsub2/sra-toolkit/SRR620165/SRR620165_2.fastq	s3://friend1ws-virginia-ecsub2/star/SRR620165	s3://genomon-bucket/_GRCh37/reference/GRCh37.STAR-2.5.2a
SRR1791325	s3://friend1ws-virginia-ecsub2/sra-toolkit/SRR1791325/SRR1791325_1.fastq	s3://friend1ws-virginia-ecsub2/sra-toolkit/SRR1791325/SRR1791325_2.fastq	s3://friend1ws-virginia-ecsub2/star/SRR1791325	s3://genomon-bucket/_GRCh37/reference/GRCh37.STAR-2.5.2a
SRR2144300	s3://friend1ws-virginia-ecsub2/sra-toolkit/SRR2144300/SRR2144300_1.fastq	s3://friend1ws-virginia-ecsub2/sra-toolkit/SRR2144300/SRR2144300_2.fastq	s3://friend1ws-virginia-ecsub2/star/SRR2144300	s3://genomon-bucket/_GRCh37/reference/GRCh37.STAR-2.5.2a
SRR1275361	s3://friend1ws-virginia-ecsub2/sra-toolkit/SRR1275361/SRR1275361_1.fastq	s3://friend1ws-virginia-ecsub2/sra-toolkit/SRR1275361/SRR1275361_2.fastq	s3://friend1ws-virginia-ecsub2/star/SRR1275361	s3://genomon-bucket/_GRCh37/reference/GRCh37.STAR-2.5.2a
SRR1974858	s3://friend1ws-virginia-ecsub2/sra-toolkit/SRR1974858/SRR1974858_1.fastq	s3://friend1ws-virginia-ecsub2/sra-toolkit/SRR1974858/SRR1974858_2.fastq	s3://friend1ws-virginia-ecsub2/star/SRR1974858	s3://genomon-bucket/_GRCh37/reference/GRCh37.STAR-2.5.2a
SRR1974790	s3://friend1ws-virginia-ecsub2/sra-toolkit/SRR1974790/SRR1974790_1.fastq	s3://friend1ws-virginia-ecsub2/sra-toolkit/SRR1974790/SRR1974790_2.fastq	s3://friend1ws-virginia-ecsub2/star/SRR1974790	s3://genomon-bucket/_GRCh37/reference/GRCh37.STAR-2.5.2a
SRR1974797	s3://friend1ws-virginia-ecsub2/sra-toolkit/SRR1974797/SRR1974797_1.fastq	s3://friend1ws-virginia-ecsub2/sra-toolkit/SRR1974797/SRR1974797_2.fastq	s3://friend1ws-virginia-ecsub2/star/SRR1974797	s3://genomon-bucket/_GRCh37/reference/GRCh37.STAR-2.5.2a
SRR1974985	s3://friend1ws-virginia-ecsub2/sra-toolkit/SRR1974985/SRR1974985_1.fastq	s3://friend1ws-virginia-ecsub2/sra-toolkit/SRR1974985/SRR1974985_2.fastq	s3://friend1ws-virginia-ecsub2/star/SRR1974985	s3://genomon-bucket/_GRCh37/reference/GRCh37.STAR-2.5.2a
SRR893066	s3://friend1ws-virginia-ecsub2/sra-toolkit/SRR893066/SRR893066_1.fastq	s3://friend1ws-virginia-ecsub2/sra-toolkit/SRR893066/SRR893066_2.fastq	s3://friend1ws-virginia-ecsub2/star/SRR893066	s3://genomon-bucket/_GRCh37/reference/GRCh37.STAR-2.5.2a
SRR1275266	s3://friend1ws-virginia-ecsub2/sra-toolkit/SRR1275266/SRR1275266_1.fastq	s3://friend1ws-virginia-ecsub2/sra-toolkit/SRR1275266/SRR1275266_2.fastq	s3://friend1ws-virginia-ecsub2/star/SRR1275266	s3://genomon-bucket/_GRCh37/reference/GRCh37.STAR-2.5.2a
SRR2967492	s3://friend1ws-virginia-ecsub2/sra-toolkit/SRR2967492/SRR2967492_1.fastq	s3://friend1ws-virginia-ecsub2/sra-toolkit/SRR2967492/SRR2967492_2.fastq	s3://friend1ws-virginia-ecsub2/star/SRR2967492	s3://genomon-bucket/_GRCh37/reference/GRCh37.STAR-2.5.2a
SRR1810693	s3://friend1ws-virginia-ecsub2/sra-toolkit/SRR1810693/SRR1810693_1.fastq	s3://friend1ws-virginia-ecsub2/sra-toolkit/SRR1810693/SRR1810693_2.fastq	s3://friend1ws-virginia-ecsub2/star/SRR1810693	s3://genomon-bucket/_GRCh37/reference/GRCh37.STAR-2.5.2a
SRR1974572	s3://friend1ws-virginia-ecsub2/sra-toolkit/SRR1974572/SRR1974572_1.fastq	s3://friend1ws-virginia-ecsub2/sra-toolkit/SRR1974572/SRR1974572_2.fastq	s3://friend1ws-virginia-ecsub2/star/SRR1974572	s3://genomon-bucket/_GRCh37/reference/GRCh37.STAR-2.5.2a
SRR1177702	s3://friend1ws-virginia-ecsub2/sra-toolkit/SRR1177702/SRR1177702_1.fastq	s3://friend1ws-virginia-ecsub2/sra-toolkit/SRR1177702/SRR1177702_2.fastq	s3://friend1ws-virginia-ecsub2/star/SRR1177702	s3://genomon-bucket/_GRCh37/reference/GRCh37.STAR-2.5.2a
SRR1974650	s3://friend1ws-virginia-ecsub2/sra-toolkit/SRR1974650/SRR1974650_1.fastq	s3://friend1ws-virginia-ecsub2/sra-toolkit/SRR1974650/SRR1974650_2.fastq	s3://friend1ws-virginia-ecsub2/star/SRR1974650	s3://genomon-bucket/_GRCh37/reference/GRCh37.STAR-2.5.2a
SRR1746985	s3://friend1ws-virginia-ecsub2/sra-toolkit/SRR1746985/SRR1746985_1.fastq	s3://friend1ws-virginia-ecsub2/sra-toolkit/SRR1746985/SRR1746985_2.fastq	s3://friend1ws-virginia-ecsub2/star/SRR1746985	s3://genomon-bucket/_GRCh37/reference/GRCh37.STAR-2.5.2a
SRR1974934	s3://friend1ws-virginia-ecsub2/sra-toolkit/SRR1974934/SRR1974934_1.fastq	s3://friend1ws-virginia-ecsub2/sra-toolkit/SRR1974934/SRR1974934_2.fastq	s3://friend1ws-virginia-ecsub2/star/SRR1974934	s3://genomon-bucket/_GRCh37/reference/GRCh37.STAR-2.5.2a
SRR1032140	s3://friend1ws-virginia-ecsub2/sra-toolkit/SRR1032140/SRR1032140_1.fastq	s3://friend1ws-virginia-ecsub2/sra-toolkit/SRR1032140/SRR1032140_2.fastq	s3://friend1ws-virginia-ecsub2/star/SRR1032140	s3://genomon-bucket/_GRCh37/reference/GRCh37.STAR-2.5.2a
SRR1058004	s3://friend1ws-virginia-ecsub2/sra-toolkit/SRR1058004/SRR1058004_1.fastq	s3://friend1ws-virginia-ecsub2/sra-toolkit/SRR1058004/SRR1058004_2.fastq	s3://friend1ws-virginia-ecsub2/star/SRR1058004	s3://genomon-bucket/_GRCh37/reference/GRCh37.STAR-2.5.2a
SRR2088600	s3://friend1ws-virginia-ecsub2/sra-toolkit/SRR2088600/SRR2088600_1.fastq	s3://friend1ws-virginia-ecsub2/sra-toolkit/SRR2088600/SRR2088600_2.fastq	s3://friend1ws-virginia-ecsub2/star/SRR2088600	s3://genomon-bucket/_GRCh37/reference/GRCh37.STAR-2.5.2a
SRR2074800	s3://friend1ws-virginia-ecsub2/sra-toolkit/SRR2074800/SRR2074800_1.fastq	s3://friend1ws-virginia-ecsub2/sra-toolkit/SRR2074800/SRR2074800_2.fastq	s3://friend1ws-virginia-ecsub2/star/SRR2074800	s3://genomon-bucket/_GRCh37/reference/GRCh37.STAR-2.5.2a
SRR893065	s3://friend1ws-virginia-ecsub2/sra-toolkit/SRR893065/SRR893065_1.fastq	s3://friend1ws-virginia-ecsub2/sra-toolkit/SRR893065/SRR893065_2.fastq	s3://friend1ws-virginia-ecsub2/star/SRR893065	s3://genomon-bucket/_GRCh37/reference/GRCh37.STAR-2.5.2a
SRR357237	s3://friend1ws-virginia-ecsub2/sra-toolkit/SRR357237/SRR357237_1.fastq	s3://friend1ws-virginia-ecsub2/sra-toolkit/SRR357237/SRR357237_2.fastq	s3://friend1ws-virginia-ecsub2/star/SRR357237	s3://genomon-bucket/_GRCh37/reference/GRCh37.STAR-2.5.2a
SRR1791328	s3://friend1ws-virginia-ecsub2/sra-toolkit/SRR1791328/SRR1791328_1.fastq	s3://friend1ws-virginia-ecsub2/sra-toolkit/SRR1791328/SRR1791328_2.fastq	s3://friend1ws-virginia-ecsub2/star/SRR1791328	s3://genomon-bucket/_GRCh37/reference/GRCh37.STAR-2.5.2a
SRR2013566	s3://friend1ws-virginia-ecsub2/sra-toolkit/SRR2013566/SRR2013566_1.fastq	s3://friend1ws-virginia-ecsub2/sra-toolkit/SRR2013566/SRR2013566_2.fastq	s3://friend1ws-virginia-ecsub2/star/SRR2013566	s3://genomon-bucket/_GRCh37/reference/GRCh37.STAR-2.5.2a
SRR1791368	s3://friend1ws-virginia-ecsub2/sra-toolkit/SRR1791368/SRR1791368_1.fastq	s3://friend1ws-virginia-ecsub2/sra-toolkit/SRR1791368/SRR1791368_2.fastq	s3://friend1ws-virginia-ecsub2/star/SRR1791368	s3://genomon-bucket/_GRCh37/reference/GRCh37.STAR-2.5.2a
SRR1974627	s3://friend1ws-virginia-ecsub2/sra-toolkit/SRR1974627/SRR1974627_1.fastq	s3://friend1ws-virginia-ecsub2/sra-toolkit/SRR1974627/SRR1974627_2.fastq	s3://friend1ws-virginia-ecsub2/star/SRR1974627	s3://genomon-bucket/_GRCh37/reference/GRCh37.STAR-2.5.2a
SRR1274379	s3://friend1ws-virginia-ecsub2/sra-toolkit/SRR1274379/SRR1274379_1.fastq	s3://friend1ws-virginia-ecsub2/sra-toolkit/SRR1274379/SRR1274379_2.fastq	s3://friend1ws-virginia-ecsub2/star/SRR1274379	s3://genomon-bucket/_GRCh37/reference/GRCh37.STAR-2.5.2a
SRR1974903	s3://friend1ws-virginia-ecsub2/sra-toolkit/SRR1974903/SRR1974903_1.fastq	s3://friend1ws-virginia-ecsub2/sra-toolkit/SRR1974903/SRR1974903_2.fastq	s3://friend1ws-virginia-ecsub2/star/SRR1974903	s3://genomon-bucket/_GRCh37/reference/GRCh37.STAR-2.5.2a
SRR959670	s3://friend1ws-virginia-ecsub2/sra-toolkit/SRR959670/SRR959670_1.fastq	s3://friend1ws-virginia-ecsub2/sra-toolkit/SRR959670/SRR959670_2.fastq	s3://friend1ws-virginia-ecsub2/star/SRR959670	s3://genomon-bucket/_GRCh37/reference/GRCh37.STAR-2.5.2a
SRR650228	s3://friend1ws-virginia-ecsub2/sra-toolkit/SRR650228/SRR650228_1.fastq	s3://friend1ws-virginia-ecsub2/sra-toolkit/SRR650228/SRR650228_2.fastq	s3://friend1ws-virginia-ecsub2/star/SRR650228	s3://genomon-bucket/_GRCh37/reference/GRCh37.STAR-2.5.2a
SRR617478	s3://friend1ws-virginia-ecsub2/sra-toolkit/SRR617478/SRR617478_1.fastq	s3://friend1ws-virginia-ecsub2/sra-toolkit/SRR617478/SRR617478_2.fastq	s3://friend1ws-virginia-ecsub2/star/SRR617478	s3://genomon-bucket/_GRCh37/reference/GRCh37.STAR-2.5.2a
SRR1033017	s3://friend1ws-virginia-ecsub2/sra-toolkit/SRR1033017/SRR1033017_1.fastq	s3://friend1ws-virginia-ecsub2/sra-toolkit/SRR1033017/SRR1033017_2.fastq	s3://friend1ws-virginia-ecsub2/star/SRR1033017	s3://genomon-bucket/_GRCh37/reference/GRCh37.STAR-2.5.2a
SRR1033035	s3://friend1ws-virginia-ecsub2/sra-toolkit/SRR1033035/SRR1033035_1.fastq	s3://friend1ws-virginia-ecsub2/sra-toolkit/SRR1033035/SRR1033035_2.fastq	s3://friend1ws-virginia-ecsub2/star/SRR1033035	s3://genomon-bucket/_GRCh37/reference/GRCh37.STAR-2.5.2a
DRR028172	s3://friend1ws-virginia-ecsub2/sra-toolkit/DRR028172/DRR028172_1.fastq	s3://friend1ws-virginia-ecsub2/sra-toolkit/DRR028172/DRR028172_2.fastq	s3://friend1ws-virginia-ecsub2/star/DRR028172	s3://genomon-bucket/_GRCh37/reference/GRCh37.STAR-2.5.2a
SRR1974788	s3://friend1ws-virginia-ecsub2/sra-toolkit/SRR1974788/SRR1974788_1.fastq	s3://friend1ws-virginia-ecsub2/sra-toolkit/SRR1974788/SRR1974788_2.fastq	s3://friend1ws-virginia-ecsub2/star/SRR1974788	s3://genomon-bucket/_GRCh37/reference/GRCh37.STAR-2.5.2a
SRR959680	s3://friend1ws-virginia-ecsub2/sra-toolkit/SRR959680/SRR959680_1.fastq	s3://friend1ws-virginia-ecsub2/sra-toolkit/SRR959680/SRR959680_2.fastq	s3://friend1ws-virginia-ecsub2/star/SRR959680	s3://genomon-bucket/_GRCh37/reference/GRCh37.STAR-2.5.2a
